Model,MAE,RMSE
ARIMA,17.74392042806885,21.691890946197162
SARIMA,12.195412261163328,16.045614135344756
Random Forest,12.74853351786264,16.048775039689225
